{
  "opcoes": ["Sim", "Às vezes", "Sim, mas raramente", "Não"],
  "ondas": [
    {
      "titulo": "Onda 1: Reflexão Profunda",
      "perguntas": [
        "Você segue seus princípios mesmo quando ninguém observa?",
        "Você admite pequenos erros ou prefere escondê-los?",
        "Você questiona seus hábitos que podem desagradar a Deus?",
        "Você se confronta quando percebe pecado no seu coração?",
        "Você evita justificar atitudes erradas por conveniência?",
        "Você reconhece limitações pessoais sem medo de humilhação?",
        "Você busca crescer espiritualmente todos os dias?",
        "Você enfrenta seus medos espirituais em vez de fugir?",
        "Você aceita críticas sem ressentimento?",
        "Você age com integridade mesmo sem reconhecimento?"
      ],
      "conselhos": {
        "alto_sim": {"texto": "Sua coragem e sinceridade são notáveis, mas não confunda 'sim' com perfeição. Vigie seu coração e não se iluda com respostas fáceis.", "versiculo": "Provérbios 4:23"},
        "alto_nao": {"texto": "Você escolhe encarar verdades desconfortáveis. Essa é a base da transformação. Continue firme, mesmo que doa.", "versiculo": "Hebreus 12:11"},
        "misto": {"texto": "Você oscila entre coragem e fuga. Reflita sobre suas escolhas: fé sem prática real é apenas aparência.", "versiculo": "Tiago 1:22"}
      }
    },
    {
      "titulo": "Onda 2: Confronto Intenso",
      "perguntas": [
        "Você fala a verdade mesmo que isso cause conflitos?",
        "Você perdoa sem guardar rancor?",
        "Você aceita críticas e aprende com elas?",
        "Você age segundo seus princípios ou conveniência?",
        "Você se sacrifica pelos outros sem esperar retorno?",
        "Você muda hábitos prejudiciais quando percebe o erro?",
        "Você encara seus medos espirituais sem fugir?",
        "Você evita culpar outros por suas falhas?",
        "Você busca a Deus por amor ou por interesse?",
        "Você pratica o que ensina ou apenas aconselha?"
      ],
      "conselhos": {
        "alto_sim": {"texto": "Você demonstra integridade, mas cuidado: fé sem humildade pode virar orgulho. Continue firme, mas esteja sempre se examinando.", "versiculo": "Colossenses 3:23"},
        "alto_nao": {"texto": "Você enfrenta verdades desconfortáveis, evitando autopiedade. Transformação exige coragem: não fuja de si mesmo.", "versiculo": "2 Timóteo 1:7"},
        "misto": {"texto": "Você ainda oscila entre coragem e medo. Reflita sobre suas escolhas: coragem sem ação não salva.", "versiculo": "Romanos 12:2"}
      }
    },
    {
      "titulo": "Onda 3: Exame Final",
      "perguntas": [
        "Você reconhece quando está errado sem desculpas?",
        "Você ama o próximo sem esperar reciprocidade?",
        "Você é justo mesmo sem ninguém observando?",
        "Você evita manipular situações para benefício próprio?",
        "Você busca a verdade mesmo quando desconfortável?",
        "Você mantém princípios sob pressão social?",
        "Você é paciente com quem erra mais que você?",
        "Você se dedica a crescer espiritualmente diariamente?",
        "Você busca santidade em pensamentos e ações?",
        "Você se humilha diante de Deus sem vergonha ou medo?"
      ],
      "conselhos": {
        "alto_sim": {"texto": "Sua fé e integridade são fortes. Continue aprimorando seu caráter e influência positiva, mas não se iluda achando que já está perfeito.", "versiculo": "Filipenses 2:12"},
        "alto_nao": {"texto": "Você enfrenta verdades difíceis e evita a autopiedade. O despertar espiritual exige coragem, disciplina e humildade.", "versiculo": "Eclesiastes 7:20"},
        "misto": {"texto": "Você ainda oscila entre fé e falhas. Reflita diariamente sobre suas escolhas e busque coerência entre intenção e ação.", "versiculo": "Salmos 139:23-24"}
      }
    }
  ]
}