{
  "opcoes": ["Sim", "Às vezes", "Sim, mas raramente", "Não"],
  "ondas": [
    {
      "titulo": "Onda 1: Fé ou Facilidade",
      "perguntas": [
        "Você realmente coloca Deus acima do seu conforto pessoal?",
        "Você deixa de fazer algo errado mesmo que ninguém veja?",
        "Você admite que às vezes prefere conveniência a fé?",
        "Você já mentiu para se safar espiritualmente?",
        "Você evita cumprir compromissos com Deus por preguiça?",
        "Você pratica fé de verdade ou apenas para parecer correto?",
        "Você se arrepende apenas quando dói, ou de coração?",
        "Você confronta seus erros ou os justifica?",
        "Você escolhe agradar a Deus ou a si mesmo?",
        "Você enfrenta consequências por fazer o certo, mesmo sozinho?"
      ],
      "conselhos": {
        "alto_sim": {"texto": "Você encara Deus de frente e não se esconde. Mas cuidado: fé sem humildade e autocrítica pode se tornar arrogância espiritual.", "versiculo": "Mateus 6:33"},
        "alto_nao": {"texto": "Você foge da ilusão da autopiedade e enfrenta verdades desconfortáveis. Isso dói, mas salva a alma.", "versiculo": "Romanos 12:1-2"},
        "misto": {"texto": "Você ainda oscila entre fé verdadeira e autopiedade. Reflita: Deus vê o coração, não apenas o que você aparenta.", "versiculo": "Tiago 1:22"}
      }
    },
    {
      "titulo": "Onda 2: Confronto Polêmico",
      "perguntas": [
        "Você prefere agradar a Deus ou ser aceito pelas pessoas?",
        "Você evita criticar pecados em você ou nos outros por medo?",
        "Você age por fé ou para receber elogios?",
        "Você confronta injustiças mesmo que seja perigoso?",
        "Você prefere fingir espiritualidade a encarar a verdade?",
        "Você admite falhas espirituais sem desculpas?",
        "Você cumpre a Palavra ou adapta ao que é conveniente?",
        "Você se sacrifica pelo Reino mesmo que ninguém veja?",
        "Você denuncia mentiras confortáveis em sua vida?",
        "Você escolhe a verdade ou seu próprio interesse?"
      ],
      "conselhos": {
        "alto_sim": {"texto": "Você demonstra coragem e coerência. Mas não se engane: fé sem prática constante e autocrítica é apenas aparência.", "versiculo": "Colossenses 3:23"},
        "alto_nao": {"texto": "Você evita atalhos espirituais e encara a verdade dolorosa. Essa coragem é rara e salva almas, inclusive a sua.", "versiculo": "Hebreus 12:11"},
        "misto": {"texto": "Você oscila entre conveniência e fé. Reflita: Deus exige coragem para fazer o que é certo, mesmo que doa.", "versiculo": "Salmos 139:23-24"}
      }
    },
    {
      "titulo": "Onda 3: Exame Final",
      "perguntas": [
        "Você entrega suas decisões a Deus ou manipula situações?",
        "Você evita justificar erros por comodidade?",
        "Você pratica o que prega mesmo que ninguém veja?",
        "Você sacrifica interesses pessoais pelo que é certo?",
        "Você enfrenta críticas em vez de se acomodar?",
        "Você vive fé verdadeira ou superficial?",
        "Você evita manipular situações para benefício próprio?",
        "Você admite quando está errado sem justificativas?",
        "Você escolhe a Palavra ou sua própria vontade?",
        "Você age por Deus ou apenas por conveniência?"
      ],
      "conselhos": {
        "alto_sim": {"texto": "Sua fé é firme e sua coerência impressiona. Mas não se iluda: o maior teste é continuar certo mesmo sem reconhecimento. Vigie seu coração.", "versiculo": "Filipenses 2:12"},
        "alto_nao": {"texto": "Você encara verdades desconfortáveis e evita autopiedade. Isso dói, mas é o caminho da verdadeira santidade.", "versiculo": "Eclesiastes 7:20"},
        "misto": {"texto": "Você ainda oscila entre fé verdadeira e comodidade. Acorde para a realidade espiritual: Deus exige coragem, disciplina e sinceridade.", "versiculo": "Tiago 1:22"}
      }
    }
  ]
}