[
  {
    "q": "Qual mandamento nos ensina a colocar Deus em primeiro lugar em nossa vida?",
    "o": ["2º Mandamento", "1º Mandamento", "4º Mandamento", "10º Mandamento"],
    "c": 1
  },
  {
    "q": "Qual mandamento proíbe a criação e adoração de ídolos?",
    "o": ["1º Mandamento", "2º Mandamento", "3º Mandamento", "5º Mandamento"],
    "c": 1
  },
  {
    "q": "Usar o nome de Deus em vão, de forma desrespeitosa, viola qual mandamento?",
    "o": ["2º Mandamento", "3º Mandamento", "4º Mandamento", "6º Mandamento"],
    "c": 1
  },
  {
    "q": "Qual mandamento nos instrui a descansar e santificar o dia de sábado?",
    "o": ["3º Mandamento", "4º Mandamento", "5º Mandamento", "8º Mandamento"],
    "c": 1
  },
  {
    "q": "Honrar pai e mãe é o que aprendemos em qual mandamento?",
    "o": ["4º Mandamento", "5º Mandamento", "6º Mandamento", "9º Mandamento"],
    "c": 1
  },
  {
    "q": "Qual mandamento proíbe matar?",
    "o": ["6º Mandamento", "7º Mandamento", "8º Mandamento", "10º Mandamento"],
    "c": 0
  },
  {
    "q": "Qual mandamento nos ensina a não cometer adultério?",
    "o": ["6º Mandamento", "7º Mandamento", "8º Mandamento", "9º Mandamento"],
    "c": 1
  },
  {
    "q": "Qual mandamento instrui a não roubar?",
    "o": ["7º Mandamento", "8º Mandamento", "9º Mandamento", "10º Mandamento"],
    "c": 1
  },
  {
    "q": "Qual mandamento ensina a não levantar falso testemunho contra o próximo?",
    "o": ["8º Mandamento", "9º Mandamento", "10º Mandamento", "7º Mandamento"],
    "c": 1
  },
  {
    "q": "Qual mandamento proíbe cobiçar os bens do próximo?",
    "o": ["9º Mandamento", "10º Mandamento", "8º Mandamento", "7º Mandamento"],
    "c": 1
  }
]