{
  "categoria": "Verdade Desconfortável",
  "opcoes": ["Sim", "Às vezes", "Sim, mas raramente", "Não"],
  "ondas": [
    {
      "onda": 1,
      "titulo": "Espelho Cru",
      "descricao": "Encarar verdades que normalmente evitamos.",
      "perguntas": [
        "Você mente para agradar pessoas mesmo sabendo que está errado?",
        "Você evita confessar pecados por medo do julgamento?",
        "Você se orgulha de pequenas conquistas espirituais sem humildade?",
        "Você ignora a consciência quando ela incomoda?",
        "Você usa desculpas para justificar falhas repetidas?",
        "Você se sente melhor por mostrar uma vida 'perfeita'?",
        "Você evita confrontos para não perder vantagem?",
        "Você age por aparência e não por fé?",
        "Você evita ouvir críticas construtivas?",
        "Você prefere ficar confortável a se arrepender?"
      ],
      "conselhos": {
        "alto_sim": {
          "texto": "Você precisa encarar a verdade: fé superficial não transforma. Deus vê seu coração, não suas máscaras. Busque sinceridade em cada ação.",
          "versiculo": "Mateus 23:27-28"
        },
        "alto_nao": {
          "texto": "Evitar a reflexão só adia o crescimento. Cada 'não' pode ser um alerta: não ignore o chamado de Deus para transformação.",
          "versiculo": "Hebreus 4:13"
        },
        "misto": {
          "texto": "Você caminha entre a verdade e a conveniência. Pequenos deslizes podem ser corrigidos. Reflita e alinhe intenção e prática.",
          "versiculo": "Tiago 1:22"
        }
      }
    },
    {
      "onda": 2,
      "titulo": "Confronto Duro",
      "descricao": "Expor áreas de conforto espiritual que impedem crescimento.",
      "perguntas": [
        "Você ignora avisos de Deus para não mudar hábitos prejudiciais?",
        "Você finge não perceber quando erra repetidamente?",
        "Você se sente ameaçado ao ser confrontado por um amigo sincero?",
        "Você prefere se enganar a encarar a verdade?",
        "Você evita oração ou leitura da Bíblia por preguiça?",
        "Você se recusa a abandonar vícios espirituais?",
        "Você se conforta com desculpas em vez de arrependimento?",
        "Você escolhe opinião humana em vez de orientação divina?",
        "Você procrastina decisões importantes para sua fé?",
        "Você acha que ainda há tempo suficiente para não mudar agora?"
      ],
      "conselhos": {
        "alto_sim": {
          "texto": "Você reconhece seus erros e busca mudança. Continue firme, mesmo que desconfortável. Deus honra quem ousa se confrontar.",
          "versiculo": "Apocalipse 3:15-16"
        },
        "alto_nao": {
          "texto": "Evitar a mudança mantém sua fé superficial. Cada dia que passa sem confrontar hábitos prejudiciais é um dia perdido. Acorde antes que seja tarde.",
          "versiculo": "Provérbios 1:24-26"
        },
        "misto": {
          "texto": "Você sente o desconforto, mas hesita. O crescimento acontece quando enfrentamos nossas limitações, mesmo que aos poucos.",
          "versiculo": "2 Coríntios 13:5"
        }
      }
    },
    {
      "onda": 3,
      "titulo": "Decisão Final",
      "descricao": "Escolhas definitivas sobre a vida espiritual.",
      "perguntas": [
        "Você mudaria algo na sua vida mesmo que doa profundamente?",
        "Você abandonaria hábitos que prejudicam sua alma?",
        "Você confessaria erros mesmo que humilhe seu orgulho?",
        "Você escolheria Deus mesmo que perca conforto ou amigos?",
        "Você aceitaria ser diferente para ser fiel?",
        "Você arriscaria sofrer por fazer a escolha certa?",
        "Você admite que não há desculpas válidas para o pecado?",
        "Você reconhece que a verdadeira fé exige ação?",
        "Você está pronto para decidir hoje, sem procrastinar?",
        "Você escolheria mudança radical em vez de continuar confortável?"
      ],
      "conselhos": {
        "alto_sim": {
          "texto": "Você demonstra coragem e determinação. Continue assim, mas não relaxe: fé é prática diária, não apenas decisões momentâneas.",
          "versiculo": "Lucas 9:23"
        },
        "alto_nao": {
          "texto": "Procrastinar a mudança é continuar no erro. Cada dia de hesitação afasta você da plenitude de Deus. Reflita e decida agora.",
          "versiculo": "Deuteronómio 30:19"
        },
        "misto": {
          "texto": "Você oscila entre decisão e conforto. A fé verdadeira exige consistência; pequenos passos não substituem escolhas firmes.",
          "versiculo": "Tiago 1:8"
        }
      }
    }
  ]
}