{
  "categoria": "Fé vs Realidade",
  "opcoes": ["Sim", "Às vezes", "Sim, mas raramente", "Não"],
  "ondas": [
    {
      "onda": 1,
      "titulo": "Espelho Interior",
      "descricao": "Levar o jogador a observar sua fé sem defesas.",
      "perguntas": [
        "Você vive a mesma fé quando ninguém está a observar?",
        "Você percebe quando suas atitudes contradizem aquilo que você crê?",
        "Você costuma refletir antes de tomar decisões importantes?",
        "Você sente desconforto quando age contra sua consciência?",
        "Você reconhece quando está espiritualmente frio?",
        "Você avalia suas motivações com sinceridade?",
        "Você sente que sua fé influencia suas escolhas diárias?",
        "Você percebe quando está apenas repetindo hábitos religiosos?",
        "Você aceita que ainda precisa crescer espiritualmente?",
        "Hoje, você diria que sua fé é vivida ou apenas declarada?"
      ],
      "conselhos": {
        "alto_sim": {"texto": "Você demonstra consciência espiritual, mas não confunda percepção com transformação. Ver-se no espelho é apenas o início — permanecer olhando não muda ninguém.", "versiculo": "Tiago 1:23–24"},
        "alto_nao": {"texto": "A falta de percepção espiritual não é sinal de paz, mas de anestesia. Quando a consciência deixa de incomodar, o coração já começou a endurecer.", "versiculo": "Efésios 4:18"},
        "misto": {"texto": "Você oscila entre verdade e conveniência. Deus não trabalha com versões parciais do coração — apenas com entrega real.", "versiculo": "2 Coríntios 13:5"}
      }
    },
    {
      "onda": 2,
      "titulo": "Confronto",
      "descricao": "Expor autoengano e áreas escondidas.",
      "perguntas": [
        "Você costuma justificar atitudes erradas para não mudar?",
        "Você evita pensar profundamente sobre sua vida espiritual?",
        "Você sente resistência quando Deus confronta algo em você?",
        "Você prefere conforto espiritual ou verdade espiritual?",
        "Você ignora sinais claros de que algo precisa mudar?",
        "Você percebe quando está enganando a si mesmo?",
        "Você evita conversas que mexem com sua consciência?",
        "Você sente medo de abrir mão de certos hábitos?",
        "Você acredita que ainda tem tempo para mudar depois?",
        "Hoje, você está mais disposto a se defender ou a se arrepender?"
      ],
      "conselhos": {
        "alto_sim": {"texto": "Responder ‘sim’ aqui não é virtude — é alerta. Reconhecer o erro é bom, mas permanecer nele por escolha é rebeldia silenciosa.", "versiculo": "Provérbios 28:13"},
        "alto_nao": {"texto": "Negar o confronto não o elimina. A verdade ignorada hoje se tornará peso amanhã. Deus não acusa — Ele chama.", "versiculo": "João 16:8"},
        "misto": {"texto": "Você sabe onde está o problema, mas ainda negocia com ele. Enquanto negociar com a verdade, continuará dividido.", "versiculo": "Apocalipse 3:15–16"}
      }
    },
    {
      "onda": 3,
      "titulo": "Decisão",
      "descricao": "Levar o jogador a uma escolha clara.",
      "perguntas": [
        "Você está disposto a mudar mesmo que doa?",
        "Você abriria mão de algo que ama para agradar a Deus?",
        "Você prefere perder conforto ou perder propósito?",
        "Você aceitaria ser diferente para ser fiel?",
        "Você está disposto a abandonar velhos hábitos hoje?",
        "Você aceita que mudança exige ação, não só oração?",
        "Você prefere ser honesto com Deus ou parecer bem para os outros?",
        "Você entende que não decidir também é uma decisão?",
        "Você está disposto a começar de novo se for necessário?",
        "Se hoje fosse o dia da decisão, você escolheria mudar?"
      ],
      "conselhos": {
        "alto_sim": {"texto": "Sua disposição revela maturidade espiritual. Agora lembre-se: decisões verdadeiras se provam no dia seguinte, não no momento da emoção.", "versiculo": "Lucas 9:23"},
        "alto_nao": {"texto": "A recusa em decidir mantém tudo exatamente como está. Deus respeita sua escolha — inclusive a de permanecer parado.", "versiculo": "Deuteronómio 30:19"},
        "misto": {"texto": "Você está à beira da mudança, mas ainda hesita. Fé sem decisão é apenas intenção adiada.", "versiculo": "Tiago 1:8"}
      }
    }
  ]
}